{
  "avg_tfidf_o": 0.0004023273961548726,
  "avg_tfidf_lem_o": 0.0004123280759211148,
  "avg_countvec_lem_o": 0.00011379272079205533,
  "avg_countvec_o": 5.038427137306384e-05,
  "avg_tfidf_n": 0.02783328267352407,
  "avg_tfidf_lem_n": 0.0347780682157028,
  "avg_countvec_lem_n": -3.2220710624589785e-05,
  "avg_countvec_n": 0.00013677720804551374
}